txn_id,fraud_type
T0002189,collect_scam
UPI2026000002497,refund_abuse_collusion
T0002507,refund_abuse_collusion
UPI2026000002521,vishing_otp
T0002867,vishing_otp
UPI2026000003436,refund_abuse_collusion
T0003470,refund_abuse_collusion
UPI2026000003617,refund_abuse_collusion
T0003871,account_takeover
T0003874,account_takeover
T0003876,account_takeover
T0003877,account_takeover
T0003878,account_takeover
T0003886,account_takeover
T0003906,account_takeover
T0003907,account_takeover
T0003908,account_takeover
UPI2026000004102,refund_abuse_collusion
T0004214,refund_abuse_collusion
T0004283,refund_abuse_collusion
T0004436,collect_scam
T0004471,refund_abuse_collusion
UPI2026000004502,refund_abuse_collusion
T0004542,mule_fanin
T0004545,mule_hop
T0004552,mule_hop
T0004558,mule_hop
T0004559,mule_fanin
T0004561,mule_fanin
T0004565,mule_hop
T0004574,mule_hop
T0004575,mule_hop
T0004576,mule_hop
UPI2026000004590,mule_hop
T0004591,mule_fanin
T0004596,mule_hop
T0004598,mule_hop
T0004607,mule_hop
T0004608,mule_hop
T0004619,mule_fanin
T0004625,mule_fanin
T0004627,mule_hop
T0004632,mule_hop
T0004633,mule_hop
T0004635,mule_hop
T0004642,mule_hop
T0004647,mule_fanin
T0004648,mule_hop
T0004654,mule_fanin
txn_4655,mule_hop
T0004656,mule_hop
UPI2026000004661,mule_hop
T0004664,mule_hop
T0004667,mule_hop
T0004676,mule_hop
UPI2026000004679,mule_fanin
T0004690,mule_hop
T0004699,mule_hop
T0004705,mule_hop
T0004739,mule_fanin
T0004742,mule_hop
txn_4745,mule_fanin
T0004746,mule_hop
T0004747,mule_hop
T0004756,mule_hop
T0004761,mule_hop
T0004767,mule_hop
T0004838,mule_fanin
T0004845,mule_hop
T0004859,mule_hop
T0004862,mule_hop
txn_4894,mule_fanin
T0004900,mule_fanin
T0004901,mule_hop
T0004919,mule_hop
T0004921,mule_hop
T0004932,mule_hop
UPI2026000004936,mule_fanin
T0004948,mule_hop
UPI2026000004950,mule_hop
T0004963,mule_hop
T0004976,mule_hop
T0004997,mule_hop
T0005022,refund_abuse_collusion
T0005149,mule_fanin
UPI2026000005153,mule_hop
T0005154,mule_hop
T0005160,mule_hop
T0005417,refund_abuse_collusion
T0005421,refund_abuse_collusion
txn_5446,refund_abuse_collusion
T0005539,vishing_otp
T0005578,refund_abuse_collusion
T0005598,vishing_otp
T0005637,refund_abuse_collusion
T0005735,account_takeover
T0005736,account_takeover
T0005737,account_takeover
T0005838,vishing_otp
T0006122,refund_abuse_collusion
UPI2026000006221,refund_abuse_collusion
T0006229,vishing_otp
T0006267,refund_abuse_collusion
UPI2026000006407,refund_abuse_collusion
T0006814,vishing_otp
T0007171,refund_abuse_collusion
UPI2026000007843,collect_scam
T0007859,vishing_otp
T0008070,refund_abuse_collusion
UPI2026000008256,card_testing
T0008257,card_testing
T0008258,card_testing
T0008259,card_testing
T0008260,card_testing
T0008261,card_testing
UPI2026000008262,card_testing
T0008264,card_testing
T0008265,card_testing
UPI2026000008266,card_testing
T0008267,card_testing
T0008268,card_testing
T0008269,card_testing
T0008270,card_testing
T0008271,card_testing
UPI2026000008272,card_testing
T0008273,card_testing
T0008274,card_testing
T0008275,card_testing
T0008276,card_testing
T0008277,card_testing
T0008278,card_testing
T0008362,refund_abuse_collusion
T0008375,refund_abuse_collusion
T0008680,vishing_otp
T0008844,mule_fanin
T0008846,mule_hop
T0008852,mule_hop
T0008855,mule_hop
T0008864,mule_fanin
T0008877,mule_hop
T0008890,mule_hop
UPI2026000008898,mule_hop
txn_8916,mule_fanin
UPI2026000008920,mule_fanin
T0008931,mule_hop
T0008932,mule_fanin
T0008933,mule_hop
T0008935,mule_hop
T0008941,mule_hop
T0008943,mule_hop
UPI2026000008948,mule_hop
UPI2026000008952,mule_hop
T0008955,mule_hop
UPI2026000008957,mule_hop
T0008959,mule_fanin
T0008971,mule_hop
T0008972,refund_abuse_collusion
T0008978,mule_hop
UPI2026000008985,mule_hop
T0009061,refund_abuse_collusion
T0009123,mule_fanin
T0009128,mule_hop
UPI2026000009137,mule_hop
T0009140,mule_hop
T0009216,mule_fanin
txn_9232,mule_hop
T0009239,mule_fanin
T0009242,mule_fanin
T0009243,mule_hop
UPI2026000009245,mule_hop
T0009246,mule_fanin
T0009248,mule_hop
UPI2026000009250,mule_hop
UPI2026000009253,mule_hop
T0009255,mule_hop
UPI2026000009258,refund_abuse_collusion
T0009267,mule_hop
T0009270,mule_hop
T0009277,mule_hop
T0009292,mule_hop
T0009300,mule_hop
T0009345,refund_abuse_collusion
T0009346,refund_abuse_collusion
T0009374,mule_fanin
T0009377,mule_hop
T0009380,mule_fanin
T0009382,mule_hop
UPI2026000009385,mule_hop
T0009392,mule_hop
txn_9395,mule_hop
T0009407,mule_hop
UPI2026000009414,refund_abuse_collusion
T0009473,refund_abuse_collusion
T0009729,refund_abuse_collusion
T0009947,refund_abuse_collusion
T0010042,refund_abuse_collusion
T0010057,refund_abuse_collusion
T0010072,mule_fanin
T0010076,mule_hop
T0010084,mule_hop
UPI2026000010090,mule_hop
T0010101,mule_fanin
T0010112,mule_hop
T0010115,mule_hop
T0010122,mule_hop
T0010128,mule_fanin
T0010134,mule_hop
T0010140,mule_hop
UPI2026000010147,mule_hop
T0010156,mule_fanin
T0010163,mule_hop
T0010169,mule_hop
T0010173,mule_hop
T0010176,mule_fanin
T0010182,mule_hop
T0010186,mule_hop
T0010199,mule_hop
T0010205,mule_fanin
T0010211,mule_hop
T0010221,mule_hop
UPI2026000010231,mule_fanin
T0010233,mule_hop
T0010240,mule_hop
T0010244,mule_hop
T0010250,mule_hop
T0010300,refund_abuse_collusion
UPI2026000010305,mule_fanin
T0010309,mule_fanin
T0010311,mule_hop
T0010313,mule_hop
T0010318,mule_hop
T0010320,mule_hop
T0010330,mule_hop
T0010336,mule_hop
T0010423,mule_fanin
T0010429,mule_hop
T0010438,mule_hop
T0010451,mule_fanin
T0010457,mule_hop
T0010460,mule_hop
T0010472,mule_hop
T0010476,mule_hop
T0010516,vishing_otp
UPI2026000010517,mule_fanin
T0010520,mule_hop
T0010535,mule_hop
T0010551,mule_hop
UPI2026000010581,mule_fanin
T0010589,mule_hop
T0010596,mule_hop
txn_10616,mule_hop
UPI2026000010688,refund_abuse_collusion
T0010703,refund_abuse_collusion
T0010961,collect_scam
T0011044,refund_abuse_collusion
T0011198,refund_abuse_collusion
T0011267,vishing_otp
UPI2026000011280,refund_abuse_collusion
T0011320,account_takeover
T0011322,account_takeover
T0011323,account_takeover
T0011324,account_takeover
T0011325,account_takeover
T0011348,refund_abuse_collusion
T0011913,refund_abuse_collusion
T0011959,refund_abuse_collusion
T0012058,vishing_otp
T0012100,collect_scam
T0012651,vishing_otp
T0012686,refund_abuse_collusion
T0012953,refund_abuse_collusion
T0013245,card_testing
T0013246,card_testing
T0013247,card_testing
T0013248,card_testing
T0013249,card_testing
T0013250,card_testing
T0013251,card_testing
T0013252,card_testing
T0013253,card_testing
T0013254,card_testing
T0013255,card_testing
txn_13256,card_testing
txn_13491,vishing_otp
T0013668,collect_scam
T0013792,refund_abuse_collusion
T0013842,refund_abuse_collusion
T0014005,vishing_otp
T0014296,refund_abuse_collusion
txn_14324,refund_abuse_collusion
T0014392,collect_scam
T0014625,vishing_otp
T0014636,vishing_otp
T0014893,vishing_otp
T0015006,card_testing
T0015007,card_testing
T0015008,card_testing
UPI2026000015009,card_testing
T0015010,card_testing
T0015011,card_testing
UPI2026000015012,card_testing
T0015013,card_testing
T0015014,card_testing
txn_15015,card_testing
T0015016,card_testing
T0015017,card_testing
UPI2026000015018,card_testing
T0015019,card_testing
T0015020,card_testing
T0015021,card_testing
T0015022,card_testing
T0015023,card_testing
UPI2026000015267,collect_scam
T0015489,refund_abuse_collusion
T0015493,refund_abuse_collusion
T0015546,refund_abuse_collusion
T0015589,account_takeover
T0015591,account_takeover
T0015592,account_takeover
T0015603,refund_abuse_collusion
T0015621,refund_abuse_collusion
T0015998,refund_abuse_collusion
T0016252,refund_abuse_collusion
T0016283,account_takeover
T0016284,account_takeover
T0016285,account_takeover
T0016310,refund_abuse_collusion
T0016385,refund_abuse_collusion
UPI2026000016428,refund_abuse_collusion
T0016477,collect_scam
T0016594,collect_scam
txn_16847,vishing_otp
T0017194,refund_abuse_collusion
T0017533,account_takeover
T0017535,account_takeover
T0017539,account_takeover
T0017541,account_takeover
T0017558,card_testing
T0017559,card_testing
UPI2026000017560,card_testing
T0017561,card_testing
txn_17562,card_testing
T0017563,card_testing
T0017564,card_testing
T0017565,card_testing
txn_17567,card_testing
T0017568,card_testing
T0017569,card_testing
T0017570,card_testing
UPI2026000017571,card_testing
T0017572,card_testing
T0017573,card_testing
T0017574,card_testing
T0017575,card_testing
UPI2026000017576,card_testing
T0017577,card_testing
txn_17578,card_testing
T0017579,card_testing
T0017580,card_testing
T0017581,card_testing
UPI2026000017601,refund_abuse_collusion
T0017828,refund_abuse_collusion
T0018300,refund_abuse_collusion
T0018325,refund_abuse_collusion
T0018435,refund_abuse_collusion
T0019020,refund_abuse_collusion
T0019383,refund_abuse_collusion
T0019498,vishing_otp
T0019619,refund_abuse_collusion
UPI2026000019727,account_takeover
T0019729,account_takeover
UPI2026000019731,account_takeover
T0019763,account_takeover
T0019764,account_takeover
T0019765,account_takeover
T0019766,account_takeover
T0019768,account_takeover
T0019792,refund_abuse_collusion
T0020515,refund_abuse_collusion
T0020521,refund_abuse_collusion
T0020589,refund_abuse_collusion
T0021783,refund_abuse_collusion
T0022124,refund_abuse_collusion
T0023130,account_takeover
T0023131,account_takeover
T0023132,account_takeover
T0023316,refund_abuse_collusion
T0023374,refund_abuse_collusion
T0023413,vishing_otp
T0023540,refund_abuse_collusion
T0023646,refund_abuse_collusion
T0023824,vishing_otp
T0023990,refund_abuse_collusion
T0024015,refund_abuse_collusion
T0024263,vishing_otp
T0024273,refund_abuse_collusion
T0024695,refund_abuse_collusion
T0024778,account_takeover
UPI2026000024780,account_takeover
T0024781,account_takeover
T0024782,account_takeover
T0024797,account_takeover
T0024798,account_takeover
txn_24799,account_takeover
T0024800,account_takeover
txn_24801,account_takeover
UPI2026000024803,account_takeover
T0024855,refund_abuse_collusion
T0024870,refund_abuse_collusion
T0024880,refund_abuse_collusion
T0024978,refund_abuse_collusion
UPI2026000025072,refund_abuse_collusion
UPI2026000025328,vishing_otp
T0025335,refund_abuse_collusion
UPI2026000025477,refund_abuse_collusion
T0025924,card_testing
UPI2026000025925,card_testing
T0025926,card_testing
T0025927,card_testing
T0025929,card_testing
T0025930,card_testing
T0025931,card_testing
T0025932,card_testing
T0025933,card_testing
T0025934,card_testing
UPI2026000025937,card_testing
T0025938,card_testing
T0025939,card_testing
T0025941,card_testing
T0025943,card_testing
T0025944,card_testing
T0025960,mule_fanin
T0025962,mule_hop
T0025964,mule_hop
T0025966,mule_hop
T0026016,mule_fanin
UPI2026000026029,mule_hop
UPI2026000026036,mule_hop
T0026046,mule_hop
T0026073,mule_fanin
T0026082,mule_hop
T0026084,mule_fanin
T0026085,mule_hop
T0026087,refund_abuse_collusion
T0026092,mule_hop
T0026096,mule_hop
T0026103,mule_hop
T0026105,mule_fanin
T0026114,mule_hop
T0026115,mule_hop
T0026121,mule_hop
T0026122,mule_hop
T0026123,mule_fanin
T0026125,mule_hop
T0026133,mule_hop
T0026141,mule_hop
T0026142,refund_abuse_collusion
T0026144,mule_fanin
T0026152,refund_abuse_collusion
T0026159,refund_abuse_collusion
T0026162,mule_hop
T0026177,mule_hop
T0026197,mule_hop
T0026209,refund_abuse_collusion
T0026231,mule_fanin
T0026235,mule_hop
T0026252,mule_hop
txn_26268,mule_hop
UPI2026000026270,mule_fanin
T0026284,mule_hop
T0026297,mule_hop
T0026299,mule_hop
T0026317,mule_fanin
T0026322,mule_hop
T0026323,refund_abuse_collusion
T0026328,mule_hop
T0026339,mule_hop
T0026356,mule_fanin
T0026366,mule_hop
T0026378,mule_hop
T0026396,mule_hop
T0026408,mule_fanin
T0026415,mule_hop
T0026420,mule_hop
UPI2026000026432,mule_hop
T0026454,mule_fanin
T0026467,mule_hop
T0026474,mule_hop
T0026500,mule_hop
T0026543,mule_fanin
T0026546,mule_hop
T0026559,mule_hop
T0026570,mule_fanin
T0026576,mule_hop
T0026594,mule_hop
T0026606,mule_fanin
T0026611,mule_hop
T0026637,mule_hop
txn_26639,mule_hop
T0026640,mule_hop
T0026652,mule_hop
T0026662,mule_fanin
UPI2026000026676,mule_hop
T0026681,mule_hop
T0026691,mule_hop
T0026711,account_takeover
T0026712,account_takeover
T0026714,account_takeover
T0026715,account_takeover
T0026718,account_takeover
T0026739,card_testing
T0026740,card_testing
T0026741,card_testing
T0026742,card_testing
T0026743,card_testing
T0026744,card_testing
T0026745,card_testing
T0026746,card_testing
T0026747,card_testing
T0026748,card_testing
T0026749,card_testing
T0026750,card_testing
T0026751,card_testing
T0026752,card_testing
T0026753,card_testing
T0026754,card_testing
T0026755,card_testing
txn_26757,card_testing
txn_26758,card_testing
T0026759,card_testing
UPI2026000026760,card_testing
txn_26761,card_testing
T0026762,card_testing
T0026763,card_testing
T0026765,card_testing
T0026766,card_testing
txn_26767,card_testing
T0026768,card_testing
T0026959,refund_abuse_collusion
T0026996,refund_abuse_collusion
T0027380,refund_abuse_collusion
T0027443,account_takeover
T0027445,account_takeover
T0027446,account_takeover
T0027447,account_takeover
T0027448,account_takeover
T0027451,refund_abuse_collusion
T0027455,account_takeover
UPI2026000027456,account_takeover
T0027457,account_takeover
T0027897,collect_scam
T0027979,refund_abuse_collusion
UPI2026000028001,refund_abuse_collusion
T0028055,refund_abuse_collusion
T0028077,account_takeover
T0028078,account_takeover
UPI2026000028079,account_takeover
T0028103,collect_scam
UPI2026000028364,refund_abuse_collusion
UPI2026000028532,refund_abuse_collusion
UPI2026000028627,refund_abuse_collusion
UPI2026000028658,mule_fanin
T0028662,mule_hop
T0028664,mule_fanin
T0028668,mule_hop
T0028669,mule_hop
T0028671,mule_hop
T0028673,mule_hop
T0028674,mule_hop
T0028677,mule_fanin
T0028678,mule_fanin
UPI2026000028679,mule_hop
T0028687,mule_hop
T0028688,mule_hop
T0028693,mule_hop
T0028696,mule_hop
UPI2026000028697,mule_hop
txn_28700,mule_fanin
T0028708,mule_hop
T0028716,mule_hop
T0028723,mule_hop
T0028795,mule_fanin
T0028800,mule_hop
T0028814,mule_hop
T0028826,mule_hop
T0028840,mule_fanin
T0028853,mule_hop
T0028860,mule_hop
T0028863,mule_hop
T0028876,mule_fanin
T0028886,mule_hop
T0028890,mule_hop
T0028895,mule_hop
T0028906,mule_fanin
txn_28912,mule_hop
T0028923,mule_hop
T0028925,mule_hop
T0028950,mule_fanin
T0028959,mule_hop
T0028975,mule_hop
T0028984,mule_hop
T0029017,mule_fanin
T0029020,mule_fanin
T0029027,mule_fanin
UPI2026000029029,mule_hop
T0029032,mule_hop
UPI2026000029040,mule_hop
T0029045,mule_hop
T0029047,mule_hop
T0029053,mule_hop
txn_29055,mule_hop
T0029063,mule_hop
T0029071,mule_hop
T0029123,mule_fanin
UPI2026000029143,mule_hop
T0029145,mule_hop
T0029147,mule_hop
T0029197,vishing_otp
T0029401,refund_abuse_collusion
T0029420,vishing_otp
T0029501,refund_abuse_collusion
T0029993,vishing_otp
T0030194,vishing_otp
T0030357,vishing_otp
T0030828,refund_abuse_collusion
T0030935,vishing_otp
T0031317,vishing_otp
T0031356,refund_abuse_collusion
T0031535,collect_scam
T0031537,vishing_otp
T0031563,vishing_otp
txn_31710,refund_abuse_collusion
T0031738,account_takeover
T0031739,account_takeover
UPI2026000031740,account_takeover
T0031806,vishing_otp
T0032586,collect_scam
T0032748,account_takeover
T0032752,account_takeover
UPI2026000032754,account_takeover
T0032756,account_takeover
T0032757,account_takeover
T0032758,account_takeover
UPI2026000032822,refund_abuse_collusion
UPI2026000033043,collect_scam
T0033089,refund_abuse_collusion
T0033305,refund_abuse_collusion
UPI2026000033379,refund_abuse_collusion
T0033827,refund_abuse_collusion
T0033918,account_takeover
T0033919,account_takeover
T0033920,refund_abuse_collusion
txn_33921,account_takeover
T0033922,account_takeover
T0033924,account_takeover
T0033925,account_takeover
UPI2026000033929,card_testing
T0033930,card_testing
T0033931,card_testing
T0033932,card_testing
T0033933,card_testing
T0033934,card_testing
T0033935,card_testing
UPI2026000033936,card_testing
T0033937,card_testing
T0033944,account_takeover
T0033945,account_takeover
T0033946,account_takeover
T0033947,account_takeover
UPI2026000034039,vishing_otp
T0034488,account_takeover
T0034490,account_takeover
T0034491,account_takeover
T0034493,account_takeover
T0034508,refund_abuse_collusion
T0034686,refund_abuse_collusion
T0034834,refund_abuse_collusion
T0034969,refund_abuse_collusion
T0035001,vishing_otp
T0035061,refund_abuse_collusion
UPI2026000035166,account_takeover
T0035168,account_takeover
T0035169,account_takeover
UPI2026000035173,account_takeover
T0035174,account_takeover
T0035859,account_takeover
T0035861,account_takeover
T0035862,account_takeover
UPI2026000035863,account_takeover
T0035865,account_takeover
T0035866,account_takeover
T0035885,account_takeover
T0035886,account_takeover
T0035887,account_takeover
T0035888,account_takeover
T0035889,account_takeover
T0036264,collect_scam
txn_36337,refund_abuse_collusion
UPI2026000036420,card_testing
T0036421,card_testing
T0036422,card_testing
txn_36423,card_testing
T0036424,card_testing
T0036425,card_testing
T0036426,card_testing
T0036427,card_testing
T0036428,card_testing
T0036429,card_testing
T0036430,card_testing
T0036431,card_testing
T0036432,card_testing
T0036433,card_testing
UPI2026000036434,card_testing
T0036435,card_testing
T0036436,card_testing
T0036437,card_testing
T0036438,card_testing
T0036439,card_testing
T0036440,card_testing
T0036815,refund_abuse_collusion
T0036946,refund_abuse_collusion
T0036973,refund_abuse_collusion
T0036984,refund_abuse_collusion
txn_37000,account_takeover
T0037002,account_takeover
T0037003,account_takeover
T0037014,account_takeover
UPI2026000037015,account_takeover
T0037016,account_takeover
UPI2026000037017,account_takeover
T0037018,account_takeover
T0037019,account_takeover
T0037082,vishing_otp
T0037572,refund_abuse_collusion
T0037928,refund_abuse_collusion
T0038173,refund_abuse_collusion
T0038407,refund_abuse_collusion
T0038460,refund_abuse_collusion
T0038684,collect_scam
T0038725,refund_abuse_collusion
UPI2026000038854,refund_abuse_collusion
T0038899,vishing_otp
T0038912,refund_abuse_collusion
T0039085,collect_scam
T0039164,refund_abuse_collusion
T0039375,refund_abuse_collusion
T0039383,collect_scam
T0039649,vishing_otp
T0039999,refund_abuse_collusion
UPI2026000040015,refund_abuse_collusion
T0040623,account_takeover
T0040624,account_takeover
T0040625,account_takeover
T0040626,account_takeover
T0040713,refund_abuse_collusion
T0040942,refund_abuse_collusion
T0041090,refund_abuse_collusion
UPI2026000041450,refund_abuse_collusion
T0041630,refund_abuse_collusion
T0041803,refund_abuse_collusion
T0041972,refund_abuse_collusion
T0042153,refund_abuse_collusion
T0042444,refund_abuse_collusion
UPI2026000042602,card_testing
T0042603,card_testing
T0042605,card_testing
T0042606,card_testing
T0042607,card_testing
T0042608,card_testing
T0042610,card_testing
T0042611,card_testing
T0042614,card_testing
T0042615,card_testing
T0042616,card_testing
T0042617,card_testing
T0042618,card_testing
T0042619,card_testing
T0042620,card_testing
T0042621,card_testing
T0042850,refund_abuse_collusion
UPI2026000042947,collect_scam
T0043191,collect_scam
T0043298,collect_scam
T0043315,refund_abuse_collusion
UPI2026000043333,refund_abuse_collusion
UPI2026000043698,account_takeover
T0043699,account_takeover
T0043700,account_takeover
T0043702,account_takeover
T0043776,refund_abuse_collusion
UPI2026000044023,refund_abuse_collusion
UPI2026000044178,collect_scam
T0044332,refund_abuse_collusion
T0044497,refund_abuse_collusion
T0044520,refund_abuse_collusion
T0044530,collect_scam
T0044617,refund_abuse_collusion
UPI2026000044695,collect_scam
T0044749,refund_abuse_collusion
T0044792,card_testing
T0044793,card_testing
T0044794,card_testing
T0044795,card_testing
T0044796,card_testing
T0044798,card_testing
T0044799,card_testing
T0044800,card_testing
T0044801,card_testing
T0044802,card_testing
T0044803,card_testing
T0044804,card_testing
T0044805,card_testing
T0044806,card_testing
UPI2026000044807,card_testing
T0044808,card_testing
T0044809,card_testing
T0044810,card_testing
T0044811,card_testing
T0044812,card_testing
T0044892,refund_abuse_collusion
T0045099,vishing_otp
UPI2026000045143,collect_scam
T0045178,refund_abuse_collusion
T0045349,collect_scam
T0045720,refund_abuse_collusion
UPI2026000045797,refund_abuse_collusion
T0045845,refund_abuse_collusion
UPI2026000045945,refund_abuse_collusion
T0046099,vishing_otp
UPI2026000046107,refund_abuse_collusion
T0046277,refund_abuse_collusion
T0046418,refund_abuse_collusion
T0046449,refund_abuse_collusion
T0046699,account_takeover
UPI2026000046700,account_takeover
T0046701,account_takeover
T0046703,account_takeover
T0046704,account_takeover
T0046714,account_takeover
T0046715,account_takeover
T0046716,account_takeover
T0046717,account_takeover
T0046718,account_takeover
T0046719,account_takeover
T0046875,refund_abuse_collusion
T0046937,refund_abuse_collusion
T0047142,refund_abuse_collusion
T0047170,refund_abuse_collusion
txn_47257,account_takeover
T0047260,account_takeover
T0047261,account_takeover
T0047262,account_takeover
T0047264,account_takeover
T0047770,collect_scam
T0047785,refund_abuse_collusion
T0048040,refund_abuse_collusion
T0048173,refund_abuse_collusion
T0048228,refund_abuse_collusion
T0048425,refund_abuse_collusion
T0048436,account_takeover
T0048437,account_takeover
T0048438,account_takeover
T0048439,account_takeover
UPI2026000048440,account_takeover
T0048562,refund_abuse_collusion
T0048586,refund_abuse_collusion
T0048638,refund_abuse_collusion
T0048704,refund_abuse_collusion
T0048970,refund_abuse_collusion
T0048973,account_takeover
T0048975,account_takeover
txn_48976,account_takeover
T0048979,account_takeover
T0048980,account_takeover
T0048981,account_takeover
T0048982,account_takeover
T0048983,account_takeover
T0048987,account_takeover
T0048988,account_takeover
T0049024,refund_abuse_collusion
UPI2026000049213,refund_abuse_collusion
T0049640,vishing_otp
T0049688,vishing_otp
T0049874,refund_abuse_collusion
T0049885,vishing_otp
T0049914,vishing_otp
T0049947,refund_abuse_collusion
T0049967,vishing_otp
T0050801,vishing_otp
T0050925,account_takeover
T0050927,account_takeover
T0050928,account_takeover
T0051153,refund_abuse_collusion
UPI2026000051270,collect_scam
UPI2026000051435,vishing_otp
T0051819,refund_abuse_collusion
T0052439,vishing_otp
T0052612,account_takeover
T0052613,account_takeover
T0052614,account_takeover
T0052860,refund_abuse_collusion
T0053018,refund_abuse_collusion
UPI2026000053046,refund_abuse_collusion
T0053101,refund_abuse_collusion
T0053108,refund_abuse_collusion
UPI2026000053225,refund_abuse_collusion
UPI2026000053409,vishing_otp
T0053546,vishing_otp
T0053660,refund_abuse_collusion
T0053756,refund_abuse_collusion
T0053828,refund_abuse_collusion
T0054156,refund_abuse_collusion
T0054217,vishing_otp
T0054410,refund_abuse_collusion
UPI2026000054640,vishing_otp
T0055062,refund_abuse_collusion
T0055142,refund_abuse_collusion
UPI2026000055609,collect_scam
T0055618,refund_abuse_collusion
txn_55700,account_takeover
UPI2026000055701,account_takeover
T0055702,account_takeover
T0055704,account_takeover
T0055705,account_takeover
T0055764,vishing_otp
T0055967,vishing_otp
UPI2026000056253,refund_abuse_collusion
T0056263,refund_abuse_collusion
T0056647,refund_abuse_collusion
T0056664,refund_abuse_collusion
T0056804,account_takeover
T0056806,account_takeover
T0056807,account_takeover
T0056814,account_takeover
T0056815,account_takeover
UPI2026000056848,refund_abuse_collusion
T0056853,refund_abuse_collusion
T0056947,vishing_otp
UPI2026000057431,account_takeover
T0057432,account_takeover
T0057433,account_takeover
T0057434,account_takeover
T0057437,refund_abuse_collusion
T0057636,vishing_otp
T0057681,vishing_otp
T0058177,account_takeover
T0058178,account_takeover
T0058179,account_takeover
T0058181,account_takeover
T0058182,account_takeover
txn_58183,account_takeover
T0058285,vishing_otp
T0059280,vishing_otp
